t_s,sum_raw
0.000176,"err:int() argument must be a string, a bytes-like object or a real number, not 'omnihand.omnihand_core.TactileSensorData'"
0.083031,"err:int() argument must be a string, a bytes-like object or a real number, not 'omnihand.omnihand_core.TactileSensorData'"
0.134200,"err:int() argument must be a string, a bytes-like object or a real number, not 'omnihand.omnihand_core.TactileSensorData'"
0.172977,"err:int() argument must be a string, a bytes-like object or a real number, not 'omnihand.omnihand_core.TactileSensorData'"
0.225566,"err:int() argument must be a string, a bytes-like object or a real number, not 'omnihand.omnihand_core.TactileSensorData'"
0.263552,"err:int() argument must be a string, a bytes-like object or a real number, not 'omnihand.omnihand_core.TactileSensorData'"
0.314754,"err:int() argument must be a string, a bytes-like object or a real number, not 'omnihand.omnihand_core.TactileSensorData'"
0.353016,"err:int() argument must be a string, a bytes-like object or a real number, not 'omnihand.omnihand_core.TactileSensorData'"
0.404664,"err:int() argument must be a string, a bytes-like object or a real number, not 'omnihand.omnihand_core.TactileSensorData'"
0.443600,"err:int() argument must be a string, a bytes-like object or a real number, not 'omnihand.omnihand_core.TactileSensorData'"
0.494636,"err:int() argument must be a string, a bytes-like object or a real number, not 'omnihand.omnihand_core.TactileSensorData'"
0.532928,"err:int() argument must be a string, a bytes-like object or a real number, not 'omnihand.omnihand_core.TactileSensorData'"
0.584888,"err:int() argument must be a string, a bytes-like object or a real number, not 'omnihand.omnihand_core.TactileSensorData'"
0.623456,"err:int() argument must be a string, a bytes-like object or a real number, not 'omnihand.omnihand_core.TactileSensorData'"
0.674488,"err:int() argument must be a string, a bytes-like object or a real number, not 'omnihand.omnihand_core.TactileSensorData'"
0.714237,"err:int() argument must be a string, a bytes-like object or a real number, not 'omnihand.omnihand_core.TactileSensorData'"
0.765433,"err:int() argument must be a string, a bytes-like object or a real number, not 'omnihand.omnihand_core.TactileSensorData'"
0.804367,"err:int() argument must be a string, a bytes-like object or a real number, not 'omnihand.omnihand_core.TactileSensorData'"
0.855521,"err:int() argument must be a string, a bytes-like object or a real number, not 'omnihand.omnihand_core.TactileSensorData'"
0.892918,"err:int() argument must be a string, a bytes-like object or a real number, not 'omnihand.omnihand_core.TactileSensorData'"
0.945668,"err:int() argument must be a string, a bytes-like object or a real number, not 'omnihand.omnihand_core.TactileSensorData'"
0.982919,"err:int() argument must be a string, a bytes-like object or a real number, not 'omnihand.omnihand_core.TactileSensorData'"
1.034410,"err:int() argument must be a string, a bytes-like object or a real number, not 'omnihand.omnihand_core.TactileSensorData'"
1.072959,"err:int() argument must be a string, a bytes-like object or a real number, not 'omnihand.omnihand_core.TactileSensorData'"
1.123939,"err:int() argument must be a string, a bytes-like object or a real number, not 'omnihand.omnihand_core.TactileSensorData'"
1.162896,"err:int() argument must be a string, a bytes-like object or a real number, not 'omnihand.omnihand_core.TactileSensorData'"
1.213934,"err:int() argument must be a string, a bytes-like object or a real number, not 'omnihand.omnihand_core.TactileSensorData'"
1.253487,"err:int() argument must be a string, a bytes-like object or a real number, not 'omnihand.omnihand_core.TactileSensorData'"
1.305740,"err:int() argument must be a string, a bytes-like object or a real number, not 'omnihand.omnihand_core.TactileSensorData'"
1.343049,"err:int() argument must be a string, a bytes-like object or a real number, not 'omnihand.omnihand_core.TactileSensorData'"
1.395392,"err:int() argument must be a string, a bytes-like object or a real number, not 'omnihand.omnihand_core.TactileSensorData'"
1.432983,"err:int() argument must be a string, a bytes-like object or a real number, not 'omnihand.omnihand_core.TactileSensorData'"
1.483968,"err:int() argument must be a string, a bytes-like object or a real number, not 'omnihand.omnihand_core.TactileSensorData'"
1.522930,"err:int() argument must be a string, a bytes-like object or a real number, not 'omnihand.omnihand_core.TactileSensorData'"
1.573938,"err:int() argument must be a string, a bytes-like object or a real number, not 'omnihand.omnihand_core.TactileSensorData'"
1.612934,"err:int() argument must be a string, a bytes-like object or a real number, not 'omnihand.omnihand_core.TactileSensorData'"
1.664268,"err:int() argument must be a string, a bytes-like object or a real number, not 'omnihand.omnihand_core.TactileSensorData'"
1.704080,"err:int() argument must be a string, a bytes-like object or a real number, not 'omnihand.omnihand_core.TactileSensorData'"
1.755054,"err:int() argument must be a string, a bytes-like object or a real number, not 'omnihand.omnihand_core.TactileSensorData'"
1.792893,"err:int() argument must be a string, a bytes-like object or a real number, not 'omnihand.omnihand_core.TactileSensorData'"
1.844650,"err:int() argument must be a string, a bytes-like object or a real number, not 'omnihand.omnihand_core.TactileSensorData'"
1.883717,"err:int() argument must be a string, a bytes-like object or a real number, not 'omnihand.omnihand_core.TactileSensorData'"
1.935105,"err:int() argument must be a string, a bytes-like object or a real number, not 'omnihand.omnihand_core.TactileSensorData'"
1.973954,"err:int() argument must be a string, a bytes-like object or a real number, not 'omnihand.omnihand_core.TactileSensorData'"
2.025859,"err:int() argument must be a string, a bytes-like object or a real number, not 'omnihand.omnihand_core.TactileSensorData'"
2.062955,"err:int() argument must be a string, a bytes-like object or a real number, not 'omnihand.omnihand_core.TactileSensorData'"
2.113912,"err:int() argument must be a string, a bytes-like object or a real number, not 'omnihand.omnihand_core.TactileSensorData'"
2.152962,"err:int() argument must be a string, a bytes-like object or a real number, not 'omnihand.omnihand_core.TactileSensorData'"
2.204138,"err:int() argument must be a string, a bytes-like object or a real number, not 'omnihand.omnihand_core.TactileSensorData'"
2.242962,"err:int() argument must be a string, a bytes-like object or a real number, not 'omnihand.omnihand_core.TactileSensorData'"
2.293859,"err:int() argument must be a string, a bytes-like object or a real number, not 'omnihand.omnihand_core.TactileSensorData'"
2.333487,"err:int() argument must be a string, a bytes-like object or a real number, not 'omnihand.omnihand_core.TactileSensorData'"
2.386552,"err:int() argument must be a string, a bytes-like object or a real number, not 'omnihand.omnihand_core.TactileSensorData'"
2.422998,"err:int() argument must be a string, a bytes-like object or a real number, not 'omnihand.omnihand_core.TactileSensorData'"
2.474004,"err:int() argument must be a string, a bytes-like object or a real number, not 'omnihand.omnihand_core.TactileSensorData'"
2.512957,"err:int() argument must be a string, a bytes-like object or a real number, not 'omnihand.omnihand_core.TactileSensorData'"
2.566632,"err:int() argument must be a string, a bytes-like object or a real number, not 'omnihand.omnihand_core.TactileSensorData'"
2.603423,"err:int() argument must be a string, a bytes-like object or a real number, not 'omnihand.omnihand_core.TactileSensorData'"
2.655189,"err:int() argument must be a string, a bytes-like object or a real number, not 'omnihand.omnihand_core.TactileSensorData'"
2.692935,"err:int() argument must be a string, a bytes-like object or a real number, not 'omnihand.omnihand_core.TactileSensorData'"
2.743881,"err:int() argument must be a string, a bytes-like object or a real number, not 'omnihand.omnihand_core.TactileSensorData'"
2.782924,"err:int() argument must be a string, a bytes-like object or a real number, not 'omnihand.omnihand_core.TactileSensorData'"
2.833972,"err:int() argument must be a string, a bytes-like object or a real number, not 'omnihand.omnihand_core.TactileSensorData'"
2.873328,"err:int() argument must be a string, a bytes-like object or a real number, not 'omnihand.omnihand_core.TactileSensorData'"
2.924519,"err:int() argument must be a string, a bytes-like object or a real number, not 'omnihand.omnihand_core.TactileSensorData'"
2.962955,"err:int() argument must be a string, a bytes-like object or a real number, not 'omnihand.omnihand_core.TactileSensorData'"
3.013929,"err:int() argument must be a string, a bytes-like object or a real number, not 'omnihand.omnihand_core.TactileSensorData'"
3.053195,"err:int() argument must be a string, a bytes-like object or a real number, not 'omnihand.omnihand_core.TactileSensorData'"
3.104227,"err:int() argument must be a string, a bytes-like object or a real number, not 'omnihand.omnihand_core.TactileSensorData'"
3.143278,"err:int() argument must be a string, a bytes-like object or a real number, not 'omnihand.omnihand_core.TactileSensorData'"
3.194327,"err:int() argument must be a string, a bytes-like object or a real number, not 'omnihand.omnihand_core.TactileSensorData'"
3.233199,"err:int() argument must be a string, a bytes-like object or a real number, not 'omnihand.omnihand_core.TactileSensorData'"
3.284358,"err:int() argument must be a string, a bytes-like object or a real number, not 'omnihand.omnihand_core.TactileSensorData'"
3.322996,"err:int() argument must be a string, a bytes-like object or a real number, not 'omnihand.omnihand_core.TactileSensorData'"
3.374162,"err:int() argument must be a string, a bytes-like object or a real number, not 'omnihand.omnihand_core.TactileSensorData'"
3.412968,"err:int() argument must be a string, a bytes-like object or a real number, not 'omnihand.omnihand_core.TactileSensorData'"
3.464466,"err:int() argument must be a string, a bytes-like object or a real number, not 'omnihand.omnihand_core.TactileSensorData'"
3.504375,"err:int() argument must be a string, a bytes-like object or a real number, not 'omnihand.omnihand_core.TactileSensorData'"
3.555589,"err:int() argument must be a string, a bytes-like object or a real number, not 'omnihand.omnihand_core.TactileSensorData'"
3.593011,"err:int() argument must be a string, a bytes-like object or a real number, not 'omnihand.omnihand_core.TactileSensorData'"
3.643969,"err:int() argument must be a string, a bytes-like object or a real number, not 'omnihand.omnihand_core.TactileSensorData'"
3.683521,"err:int() argument must be a string, a bytes-like object or a real number, not 'omnihand.omnihand_core.TactileSensorData'"
3.734498,"err:int() argument must be a string, a bytes-like object or a real number, not 'omnihand.omnihand_core.TactileSensorData'"
3.773304,"err:int() argument must be a string, a bytes-like object or a real number, not 'omnihand.omnihand_core.TactileSensorData'"
3.824347,"err:int() argument must be a string, a bytes-like object or a real number, not 'omnihand.omnihand_core.TactileSensorData'"
3.863567,"err:int() argument must be a string, a bytes-like object or a real number, not 'omnihand.omnihand_core.TactileSensorData'"
3.914477,"err:int() argument must be a string, a bytes-like object or a real number, not 'omnihand.omnihand_core.TactileSensorData'"
3.953000,"err:int() argument must be a string, a bytes-like object or a real number, not 'omnihand.omnihand_core.TactileSensorData'"
4.006549,"err:int() argument must be a string, a bytes-like object or a real number, not 'omnihand.omnihand_core.TactileSensorData'"
4.042985,"err:int() argument must be a string, a bytes-like object or a real number, not 'omnihand.omnihand_core.TactileSensorData'"
4.093976,"err:int() argument must be a string, a bytes-like object or a real number, not 'omnihand.omnihand_core.TactileSensorData'"
4.134781,"err:int() argument must be a string, a bytes-like object or a real number, not 'omnihand.omnihand_core.TactileSensorData'"
4.186560,"err:int() argument must be a string, a bytes-like object or a real number, not 'omnihand.omnihand_core.TactileSensorData'"
4.222995,"err:int() argument must be a string, a bytes-like object or a real number, not 'omnihand.omnihand_core.TactileSensorData'"
4.274288,"err:int() argument must be a string, a bytes-like object or a real number, not 'omnihand.omnihand_core.TactileSensorData'"
4.313116,"err:int() argument must be a string, a bytes-like object or a real number, not 'omnihand.omnihand_core.TactileSensorData'"
4.364063,"err:int() argument must be a string, a bytes-like object or a real number, not 'omnihand.omnihand_core.TactileSensorData'"
4.403000,"err:int() argument must be a string, a bytes-like object or a real number, not 'omnihand.omnihand_core.TactileSensorData'"
4.454424,"err:int() argument must be a string, a bytes-like object or a real number, not 'omnihand.omnihand_core.TactileSensorData'"
4.493346,"err:int() argument must be a string, a bytes-like object or a real number, not 'omnihand.omnihand_core.TactileSensorData'"
4.544825,"err:int() argument must be a string, a bytes-like object or a real number, not 'omnihand.omnihand_core.TactileSensorData'"
4.583587,"err:int() argument must be a string, a bytes-like object or a real number, not 'omnihand.omnihand_core.TactileSensorData'"
4.636071,"err:int() argument must be a string, a bytes-like object or a real number, not 'omnihand.omnihand_core.TactileSensorData'"
4.674744,"err:int() argument must be a string, a bytes-like object or a real number, not 'omnihand.omnihand_core.TactileSensorData'"
4.725966,"err:int() argument must be a string, a bytes-like object or a real number, not 'omnihand.omnihand_core.TactileSensorData'"
4.762980,"err:int() argument must be a string, a bytes-like object or a real number, not 'omnihand.omnihand_core.TactileSensorData'"
4.815020,"err:int() argument must be a string, a bytes-like object or a real number, not 'omnihand.omnihand_core.TactileSensorData'"
4.853246,"err:int() argument must be a string, a bytes-like object or a real number, not 'omnihand.omnihand_core.TactileSensorData'"
4.906330,"err:int() argument must be a string, a bytes-like object or a real number, not 'omnihand.omnihand_core.TactileSensorData'"
4.942996,"err:int() argument must be a string, a bytes-like object or a real number, not 'omnihand.omnihand_core.TactileSensorData'"
4.995284,"err:int() argument must be a string, a bytes-like object or a real number, not 'omnihand.omnihand_core.TactileSensorData'"
5.033001,"err:int() argument must be a string, a bytes-like object or a real number, not 'omnihand.omnihand_core.TactileSensorData'"
5.084215,"err:int() argument must be a string, a bytes-like object or a real number, not 'omnihand.omnihand_core.TactileSensorData'"
5.123074,"err:int() argument must be a string, a bytes-like object or a real number, not 'omnihand.omnihand_core.TactileSensorData'"
5.175328,"err:int() argument must be a string, a bytes-like object or a real number, not 'omnihand.omnihand_core.TactileSensorData'"
5.213004,"err:int() argument must be a string, a bytes-like object or a real number, not 'omnihand.omnihand_core.TactileSensorData'"
5.264565,"err:int() argument must be a string, a bytes-like object or a real number, not 'omnihand.omnihand_core.TactileSensorData'"
5.304537,"err:int() argument must be a string, a bytes-like object or a real number, not 'omnihand.omnihand_core.TactileSensorData'"
5.356763,"err:int() argument must be a string, a bytes-like object or a real number, not 'omnihand.omnihand_core.TactileSensorData'"
5.394478,"err:int() argument must be a string, a bytes-like object or a real number, not 'omnihand.omnihand_core.TactileSensorData'"
5.446389,"err:int() argument must be a string, a bytes-like object or a real number, not 'omnihand.omnihand_core.TactileSensorData'"
5.484821,"err:int() argument must be a string, a bytes-like object or a real number, not 'omnihand.omnihand_core.TactileSensorData'"
5.536329,"err:int() argument must be a string, a bytes-like object or a real number, not 'omnihand.omnihand_core.TactileSensorData'"
5.573713,"err:int() argument must be a string, a bytes-like object or a real number, not 'omnihand.omnihand_core.TactileSensorData'"
5.624649,"err:int() argument must be a string, a bytes-like object or a real number, not 'omnihand.omnihand_core.TactileSensorData'"
5.662977,"err:int() argument must be a string, a bytes-like object or a real number, not 'omnihand.omnihand_core.TactileSensorData'"
5.715399,"err:int() argument must be a string, a bytes-like object or a real number, not 'omnihand.omnihand_core.TactileSensorData'"
5.752986,"err:int() argument must be a string, a bytes-like object or a real number, not 'omnihand.omnihand_core.TactileSensorData'"
5.804313,"err:int() argument must be a string, a bytes-like object or a real number, not 'omnihand.omnihand_core.TactileSensorData'"
5.843044,"err:int() argument must be a string, a bytes-like object or a real number, not 'omnihand.omnihand_core.TactileSensorData'"
5.894294,"err:int() argument must be a string, a bytes-like object or a real number, not 'omnihand.omnihand_core.TactileSensorData'"
5.933314,"err:int() argument must be a string, a bytes-like object or a real number, not 'omnihand.omnihand_core.TactileSensorData'"
5.985395,"err:int() argument must be a string, a bytes-like object or a real number, not 'omnihand.omnihand_core.TactileSensorData'"
6.022938,"err:int() argument must be a string, a bytes-like object or a real number, not 'omnihand.omnihand_core.TactileSensorData'"
6.074187,"err:int() argument must be a string, a bytes-like object or a real number, not 'omnihand.omnihand_core.TactileSensorData'"
6.114415,"err:int() argument must be a string, a bytes-like object or a real number, not 'omnihand.omnihand_core.TactileSensorData'"
6.166297,"err:int() argument must be a string, a bytes-like object or a real number, not 'omnihand.omnihand_core.TactileSensorData'"
6.202997,"err:int() argument must be a string, a bytes-like object or a real number, not 'omnihand.omnihand_core.TactileSensorData'"
6.254354,"err:int() argument must be a string, a bytes-like object or a real number, not 'omnihand.omnihand_core.TactileSensorData'"
6.293059,"err:int() argument must be a string, a bytes-like object or a real number, not 'omnihand.omnihand_core.TactileSensorData'"
6.345474,"err:int() argument must be a string, a bytes-like object or a real number, not 'omnihand.omnihand_core.TactileSensorData'"
6.383006,"err:int() argument must be a string, a bytes-like object or a real number, not 'omnihand.omnihand_core.TactileSensorData'"
6.433981,"err:int() argument must be a string, a bytes-like object or a real number, not 'omnihand.omnihand_core.TactileSensorData'"
6.472962,"err:int() argument must be a string, a bytes-like object or a real number, not 'omnihand.omnihand_core.TactileSensorData'"
6.523949,"err:int() argument must be a string, a bytes-like object or a real number, not 'omnihand.omnihand_core.TactileSensorData'"
6.563187,"err:int() argument must be a string, a bytes-like object or a real number, not 'omnihand.omnihand_core.TactileSensorData'"
6.614189,"err:int() argument must be a string, a bytes-like object or a real number, not 'omnihand.omnihand_core.TactileSensorData'"
6.653197,"err:int() argument must be a string, a bytes-like object or a real number, not 'omnihand.omnihand_core.TactileSensorData'"
6.706438,"err:int() argument must be a string, a bytes-like object or a real number, not 'omnihand.omnihand_core.TactileSensorData'"
6.743017,"err:int() argument must be a string, a bytes-like object or a real number, not 'omnihand.omnihand_core.TactileSensorData'"
6.794010,"err:int() argument must be a string, a bytes-like object or a real number, not 'omnihand.omnihand_core.TactileSensorData'"
6.832969,"err:int() argument must be a string, a bytes-like object or a real number, not 'omnihand.omnihand_core.TactileSensorData'"
6.883918,"err:int() argument must be a string, a bytes-like object or a real number, not 'omnihand.omnihand_core.TactileSensorData'"
6.924891,"err:int() argument must be a string, a bytes-like object or a real number, not 'omnihand.omnihand_core.TactileSensorData'"
6.976413,"err:int() argument must be a string, a bytes-like object or a real number, not 'omnihand.omnihand_core.TactileSensorData'"
7.013091,"err:int() argument must be a string, a bytes-like object or a real number, not 'omnihand.omnihand_core.TactileSensorData'"
7.065198,"err:int() argument must be a string, a bytes-like object or a real number, not 'omnihand.omnihand_core.TactileSensorData'"
7.103395,"err:int() argument must be a string, a bytes-like object or a real number, not 'omnihand.omnihand_core.TactileSensorData'"
7.155482,"err:int() argument must be a string, a bytes-like object or a real number, not 'omnihand.omnihand_core.TactileSensorData'"
7.193470,"err:int() argument must be a string, a bytes-like object or a real number, not 'omnihand.omnihand_core.TactileSensorData'"
7.245171,"err:int() argument must be a string, a bytes-like object or a real number, not 'omnihand.omnihand_core.TactileSensorData'"
7.283064,"err:int() argument must be a string, a bytes-like object or a real number, not 'omnihand.omnihand_core.TactileSensorData'"
7.334210,"err:int() argument must be a string, a bytes-like object or a real number, not 'omnihand.omnihand_core.TactileSensorData'"
7.373033,"err:int() argument must be a string, a bytes-like object or a real number, not 'omnihand.omnihand_core.TactileSensorData'"
7.424370,"err:int() argument must be a string, a bytes-like object or a real number, not 'omnihand.omnihand_core.TactileSensorData'"
7.463311,"err:int() argument must be a string, a bytes-like object or a real number, not 'omnihand.omnihand_core.TactileSensorData'"
7.515888,"err:int() argument must be a string, a bytes-like object or a real number, not 'omnihand.omnihand_core.TactileSensorData'"
7.554789,"err:int() argument must be a string, a bytes-like object or a real number, not 'omnihand.omnihand_core.TactileSensorData'"
7.606096,"err:int() argument must be a string, a bytes-like object or a real number, not 'omnihand.omnihand_core.TactileSensorData'"
7.643738,"err:int() argument must be a string, a bytes-like object or a real number, not 'omnihand.omnihand_core.TactileSensorData'"
7.694704,"err:int() argument must be a string, a bytes-like object or a real number, not 'omnihand.omnihand_core.TactileSensorData'"
7.734202,"err:int() argument must be a string, a bytes-like object or a real number, not 'omnihand.omnihand_core.TactileSensorData'"
7.785793,"err:int() argument must be a string, a bytes-like object or a real number, not 'omnihand.omnihand_core.TactileSensorData'"
7.823092,"err:int() argument must be a string, a bytes-like object or a real number, not 'omnihand.omnihand_core.TactileSensorData'"
7.874502,"err:int() argument must be a string, a bytes-like object or a real number, not 'omnihand.omnihand_core.TactileSensorData'"
7.913951,"err:int() argument must be a string, a bytes-like object or a real number, not 'omnihand.omnihand_core.TactileSensorData'"
7.965582,"err:int() argument must be a string, a bytes-like object or a real number, not 'omnihand.omnihand_core.TactileSensorData'"
8.002997,"err:int() argument must be a string, a bytes-like object or a real number, not 'omnihand.omnihand_core.TactileSensorData'"
8.054505,"err:int() argument must be a string, a bytes-like object or a real number, not 'omnihand.omnihand_core.TactileSensorData'"
8.093388,"err:int() argument must be a string, a bytes-like object or a real number, not 'omnihand.omnihand_core.TactileSensorData'"
8.145433,"err:int() argument must be a string, a bytes-like object or a real number, not 'omnihand.omnihand_core.TactileSensorData'"
8.184278,"err:int() argument must be a string, a bytes-like object or a real number, not 'omnihand.omnihand_core.TactileSensorData'"
8.235344,"err:int() argument must be a string, a bytes-like object or a real number, not 'omnihand.omnihand_core.TactileSensorData'"
8.273760,"err:int() argument must be a string, a bytes-like object or a real number, not 'omnihand.omnihand_core.TactileSensorData'"
8.325074,"err:int() argument must be a string, a bytes-like object or a real number, not 'omnihand.omnihand_core.TactileSensorData'"
8.363063,"err:int() argument must be a string, a bytes-like object or a real number, not 'omnihand.omnihand_core.TactileSensorData'"
8.414007,"err:int() argument must be a string, a bytes-like object or a real number, not 'omnihand.omnihand_core.TactileSensorData'"
8.454165,"err:int() argument must be a string, a bytes-like object or a real number, not 'omnihand.omnihand_core.TactileSensorData'"
8.505636,"err:int() argument must be a string, a bytes-like object or a real number, not 'omnihand.omnihand_core.TactileSensorData'"
8.543009,"err:int() argument must be a string, a bytes-like object or a real number, not 'omnihand.omnihand_core.TactileSensorData'"
8.596078,"err:int() argument must be a string, a bytes-like object or a real number, not 'omnihand.omnihand_core.TactileSensorData'"
8.633345,"err:int() argument must be a string, a bytes-like object or a real number, not 'omnihand.omnihand_core.TactileSensorData'"
8.684824,"err:int() argument must be a string, a bytes-like object or a real number, not 'omnihand.omnihand_core.TactileSensorData'"
8.723553,"err:int() argument must be a string, a bytes-like object or a real number, not 'omnihand.omnihand_core.TactileSensorData'"
8.775280,"err:int() argument must be a string, a bytes-like object or a real number, not 'omnihand.omnihand_core.TactileSensorData'"
8.813116,"err:int() argument must be a string, a bytes-like object or a real number, not 'omnihand.omnihand_core.TactileSensorData'"
8.865208,"err:int() argument must be a string, a bytes-like object or a real number, not 'omnihand.omnihand_core.TactileSensorData'"
8.903572,"err:int() argument must be a string, a bytes-like object or a real number, not 'omnihand.omnihand_core.TactileSensorData'"
8.955252,"err:int() argument must be a string, a bytes-like object or a real number, not 'omnihand.omnihand_core.TactileSensorData'"
8.994338,"err:int() argument must be a string, a bytes-like object or a real number, not 'omnihand.omnihand_core.TactileSensorData'"
9.045528,"err:int() argument must be a string, a bytes-like object or a real number, not 'omnihand.omnihand_core.TactileSensorData'"
9.083041,"err:int() argument must be a string, a bytes-like object or a real number, not 'omnihand.omnihand_core.TactileSensorData'"
9.134316,"err:int() argument must be a string, a bytes-like object or a real number, not 'omnihand.omnihand_core.TactileSensorData'"
9.173483,"err:int() argument must be a string, a bytes-like object or a real number, not 'omnihand.omnihand_core.TactileSensorData'"
9.224457,"err:int() argument must be a string, a bytes-like object or a real number, not 'omnihand.omnihand_core.TactileSensorData'"
9.263357,"err:int() argument must be a string, a bytes-like object or a real number, not 'omnihand.omnihand_core.TactileSensorData'"
9.315616,"err:int() argument must be a string, a bytes-like object or a real number, not 'omnihand.omnihand_core.TactileSensorData'"
9.353067,"err:int() argument must be a string, a bytes-like object or a real number, not 'omnihand.omnihand_core.TactileSensorData'"
9.407986,"err:int() argument must be a string, a bytes-like object or a real number, not 'omnihand.omnihand_core.TactileSensorData'"
9.442953,"err:int() argument must be a string, a bytes-like object or a real number, not 'omnihand.omnihand_core.TactileSensorData'"
9.495217,"err:int() argument must be a string, a bytes-like object or a real number, not 'omnihand.omnihand_core.TactileSensorData'"
9.533114,"err:int() argument must be a string, a bytes-like object or a real number, not 'omnihand.omnihand_core.TactileSensorData'"
9.584035,"err:int() argument must be a string, a bytes-like object or a real number, not 'omnihand.omnihand_core.TactileSensorData'"
9.623101,"err:int() argument must be a string, a bytes-like object or a real number, not 'omnihand.omnihand_core.TactileSensorData'"
9.674711,"err:int() argument must be a string, a bytes-like object or a real number, not 'omnihand.omnihand_core.TactileSensorData'"
9.713163,"err:int() argument must be a string, a bytes-like object or a real number, not 'omnihand.omnihand_core.TactileSensorData'"
9.766956,"err:int() argument must be a string, a bytes-like object or a real number, not 'omnihand.omnihand_core.TactileSensorData'"
9.803855,"err:int() argument must be a string, a bytes-like object or a real number, not 'omnihand.omnihand_core.TactileSensorData'"
9.856491,"err:int() argument must be a string, a bytes-like object or a real number, not 'omnihand.omnihand_core.TactileSensorData'"
9.895205,"err:int() argument must be a string, a bytes-like object or a real number, not 'omnihand.omnihand_core.TactileSensorData'"
9.946829,"err:int() argument must be a string, a bytes-like object or a real number, not 'omnihand.omnihand_core.TactileSensorData'"
9.983252,"err:int() argument must be a string, a bytes-like object or a real number, not 'omnihand.omnihand_core.TactileSensorData'"
